feature,SPC1,SPC2
상권_변화_지표_HL,-0.4061214832676151,0.14845387417532835
상권_변화_지표_LH,0.005414795821604323,-0.2989875762470105
상권_변화_지표_LL,0.2985551321997771,0.2569997127299751
폐업_률_log,-0.0997145727625824,0.350830146400123
음식_지출_총금액_log,0.618356186447326,0.20914961669298804
총_직장인구_수_log,0.5748016092007975,-0.20245573836890543
20_30_인구비_log,0.243639458041451,0.8101058694557701
