feature,PLS_Coefficient
상권_변화_지표_HL,0.0061047719303239135
상권_변화_지표_LH,-0.0019997180095968044
상권_변화_지표_LL,-0.002581121497447918
폐업_률_log,0.001145130613408874
음식_지출_총금액_log,-0.0027154113249539223
총_직장인구_수_log,-0.0032498819262352847
20_30_인구비_log,0.000880196341143788
