feature,SPC1,SPC2
상권_변화_지표_HL,-0.42773400006255624,0.11365003392369762
상권_변화_지표_LH,0.060650393902479324,-0.2904579626356361
상권_변화_지표_LL,0.2790259607600067,0.10269470315234328
폐업_률_log,-0.1505624869849963,0.2673852023415974
음식_지출_총금액_log,0.5864102658572469,0.16798853151780654
총_직장인구_수_log,0.6025687598914224,-0.1460143512158049
20_30_인구비_log,0.07664525650653665,0.8781437557492546
